Section, Level, Title, ContentFile
1, 1, Git Food Recipes (gitfood.org), 
2, 2, Appetizers, 
2.1, 3, Cheese Dip, docs/_posts/2020-12-26-cheese_dip.md
2.2, 3, Pimento Cheese, docs/_posts/2020-12-27-pimento_cheese.md
2.3, 3, Spiced Apple Cider, docs/_posts/2020-12-26-spiced_apple_cider.md
2.4, 3, Restaurant Style Salsa, docs/_posts/2020-12-26-restaurant_style_salsa.md
2.5, 3, Pinwheels, docs/_posts/2020-12-26-pinwheels.md
2.6, 3, Natchez Caviar, docs/_posts/2020-12-26-natchez_caviar.md
2.7, 3, King's Spinach Dip, docs/_posts/2020-12-26-kings_spinach_dip.md
2.8, 3, Jalapeno Poppers, docs/_posts/2020-12-26-jalapeno_poppers.md
3, 2, Main Dishes, 
3.1, 3, Spaghetti with Meat Sauce, docs/_posts/2020-12-26-spaghetti_meat_sauce.md
3.2, 3, Royal Beef Tenderloin, docs/_posts/2020-12-26-royal_beef_tenderloin.md
3.3, 3, Roast Turkey, docs/_posts/2020-12-26-roast_turkey.md
3.4, 3, Red Beans & Rice, docs/_posts/2020-12-26-red_beans_and_rice.md
3.5, 3, Pesto Nan Pizza, docs/_posts/2020-12-26-pesto_nan_pizza.md
3.6, 3, Pepper Roast, docs/_posts/2020-12-26-pepper_roast.md
3.7, 3, Nana's Chicken & Dumplings, docs/_posts/2020-12-26-nanas_chicken_dumplings.md
3.8, 3, Mexico Chicken, docs/_posts/2020-12-26-mexico_chicken.md
3.9, 3, Mexican Chicken Chili, docs/_posts/2020-12-26-mexican_chicken_chili.md
3.10, 3, Lobster Bisque, docs/_posts/2020-12-26-lobster_bisque.md
3.11, 3, Lasagna, docs/_posts/2020-12-26-lasagna.md
3.12, 3, Gumbo, docs/_posts/2020-12-26-gumbo.md
3.13, 3, Grits-a-YaYa, docs/_posts/2020-12-26-grits-a-yaya.md
3.14, 3, Fantastic Breasts, docs/_posts/2020-12-26-fantastic_breasts.md
3.15, 3, Easy Beef Stroganoff, docs/_posts/2020-12-26-easy_beef_stroganoff.md
3.16, 3, Crawfish Etouffee, docs/_posts/2020-12-26-crawfish_etouffee.md
4, 2, Side Dishes,
4.1, 3, Holiday Dressing, docs/_posts/2020-12-26-holiday_dressing.md
4.2, 3, Hot Corn, docs/_posts/2020-12-26-hot_corn.md
4.3, 3, Sweet Potato Casserole, docs/_posts/2020-12-26-sweet_potato_casserole.md
4.4, 3, Posh Squash, docs/_posts/2020-12-26-posh_squash.md
4.5, 3, Cranberry Relish, docs/_posts/2020-12-26-cranberry_relish.md
4.6, 3, Cornbread Salad, docs/_posts/2020-12-26-cornbread_salad.md
4.7, 3, Broccoli Salad, docs/_posts/2020-12-26-broccoli_salad.md
4.8, 3, Blue Cheese Cole Slaw, docs/_posts/2020-12-26-blue_cheese_cole_slaw.md
5, 2, Desserts, 
5.1, 3, Strawberry Pretzel Salad, docs/_posts/2020-12-26-strawberry_pretzel_salad.md
5.2, 3, Pumpkin Cheesecake, docs/_posts/2020-12-26-pumpkin_cheesecake.md
5.3, 3, Green Stuff, docs/_posts/2020-12-26-green_stuff.md
5.4, 3, Apple Dip, docs/_posts/2020-12-26-apple_dip.md
6, 2, Others, 
6.1, 3, Deacon Hubbard's Wheat Street Mop, docs/_posts/2020-12-26-wheat_street_mop.md
6.1, 3, BBQ Dry Rub, docs/_posts/2020-12-26-bbq_dry_rub.md